"1","lesko","sc9qGPwmNk","ren","/img/new/sc9qGPwmNk/XLZfpwyTr5","0000-00-00 00:00:00","2015-05-08 21:14:12"
"2","beaumont","8aYf21nR9m","new","/img/new/8aYf21nR9m/sKWqfiYmGb","0000-00-00 00:00:00","2015-05-10 19:38:02"
"3","lakehouse","iXLZfpwyTr","add","/img/add/iXLZfpwyTr/iHIgUgYTE5","0000-00-00 00:00:00","2015-05-08 02:38:55"
"4","parcippany","shBZyFJbml","add","/img/add/shBZyFJbml/rGwXNdJHPU","0000-00-00 00:00:00","0000-00-00 00:00:00"
"5","bernersville","UDgteniGUm","new","/img/new/UDgteniGUm/N8T2tNr3Ti","0000-00-00 00:00:00","0000-00-00 00:00:00"
"6","veccione","3gGfJG01ML","new","/img/new/3gGfJG01ML/07rw8oMUNE","0000-00-00 00:00:00","0000-00-00 00:00:00"
"8","westfield","Rqi8laJJQo","new","/img/new/Rqi8laJJQo/qKzxmuakkp","0000-00-00 00:00:00","0000-00-00 00:00:00"
"9","sgro","5Th5JAX9Gq","new","/img/new/5Th5JAX9Gq/QLh5rf015k","0000-00-00 00:00:00","0000-00-00 00:00:00"
"10","verserlano","U5G48UftXe","add","/img/add/U5G48UftXe/aCS5CJOG3W","0000-00-00 00:00:00","0000-00-00 00:00:00"
"11","summit","1hIxKS0zgq","ren","/img/ren/1hIxKS0zgq/8Qw3fMBx2J","0000-00-00 00:00:00","0000-00-00 00:00:00"
"12","renovation-2","IlXIns3uox","ren","/img/ren/IlXIns3uox/F858ZoGRVy","0000-00-00 00:00:00","0000-00-00 00:00:00"
"14","simonelli","FEflbPYu3g","ren","/img/ren/FEflbPYu3g/Ibhc5N1Dbe","0000-00-00 00:00:00","0000-00-00 00:00:00"
"2014_10_12_000000_create_users_table","1"
"2014_10_12_100000_create_password_resets_table","1"
"2015_05_04_194441_initial","1"
"2015_05_05_203540_banner_photos","2"
"2015_05_06_232533_create_tests_table","3"
"2015_05_06_235808_photo_types","4"
"2015_05_07_222334_house_aliases","5"
"1","11","/img/new/sc9qGPwmNk/KhjDZeUz8K","0","0","0","0",NULL,NULL,"2015-05-07 23:12:07","2015-05-10 19:57:52"
"2","11","/img/new/sc9qGPwmNk/7AoMZWRXXi","0","0","0","0",NULL,NULL,"2015-05-07 23:21:24","2015-05-10 19:57:40"
"3","1","/img/new/sc9qGPwmNk/XLZfpwyTr5","0","0","0","0",NULL,NULL,"2015-05-07 23:21:29","2015-05-07 23:24:37"
"4","2","/img/new/8aYf21nR9m/kb9w2DS4OQ","1","1","1","0",NULL,NULL,"2015-05-08 02:02:15","2015-05-08 02:02:15"
"5","12","/img/add/iXLZfpwyTr/5CPMMD9CuB","0","0","0","0",NULL,NULL,"2015-05-08 02:04:54","2015-05-10 20:03:01"
"6","4","/img/add/shBZyFJbml/rGwXNdJHPU","1","0","0","0",NULL,NULL,"2015-05-08 02:05:17","2015-05-08 02:05:17"
"7","12","/img/add/iXLZfpwyTr/iHIgUgYTE5","0","0","0","0",NULL,NULL,"2015-05-08 02:19:41","2015-05-10 20:03:09"
"8","5","/img/new/UDgteniGUm/N8T2tNr3Ti","1","0","0","0",NULL,NULL,"2015-05-09 04:16:52","2015-05-09 04:16:52"
"9","5","/img/new/UDgteniGUm/eKTdL1E07l","1","0","0","0",NULL,NULL,"2015-05-09 04:19:22","2015-05-09 04:19:22"
"10","5","/img/new/UDgteniGUm/ak14ThH2Ot","1","0","0","0",NULL,NULL,"2015-05-09 04:19:27","2015-05-09 04:19:27"
"11","5","/img/new/UDgteniGUm/QAnYHyznYj","1","0","0","0",NULL,NULL,"2015-05-09 04:19:32","2015-05-09 04:19:32"
"12","5","/img/new/UDgteniGUm/RNTFcO9Z4w","1","0","0","0",NULL,NULL,"2015-05-09 04:19:35","2015-05-09 04:19:35"
"13","6","/img/new/3gGfJG01ML/07rw8oMUNE","1","0","0","0",NULL,NULL,"2015-05-09 04:21:24","2015-05-09 04:21:24"
"15","6","/img/new/3gGfJG01ML/mqKgA674xT","1","0","0","0",NULL,NULL,"2015-05-09 04:21:31","2015-05-09 04:21:31"
"16","6","/img/new/3gGfJG01ML/LDaqnhXLcQ","1","0","0","0",NULL,NULL,"2015-05-09 04:21:37","2015-05-09 04:21:37"
"17","6","/img/new/3gGfJG01ML/RwWGnNPDq9","1","0","0","0",NULL,NULL,"2015-05-09 04:21:40","2015-05-09 04:21:40"
"18","6","/img/new/3gGfJG01ML/y3wHnMC3Y8","1","0","0","0",NULL,NULL,"2015-05-09 04:21:45","2015-05-09 04:21:45"
"19","6","/img/new/3gGfJG01ML/agBZaYXG3e","1","0","0","0",NULL,NULL,"2015-05-09 04:21:48","2015-05-09 04:21:48"
"20","6","/img/new/3gGfJG01ML/g3PFerWl6H","1","0","0","0",NULL,NULL,"2015-05-09 04:21:52","2015-05-09 04:21:52"
"21","6","/img/new/3gGfJG01ML/mSz9ymSFvn","1","0","0","0",NULL,NULL,"2015-05-09 04:21:57","2015-05-09 04:21:57"
"22","6","/img/new/3gGfJG01ML/IAG1jJ1Tpt","1","0","0","0",NULL,NULL,"2015-05-09 04:22:02","2015-05-09 04:22:02"
"23","6","/img/new/3gGfJG01ML/24cDFapznh","1","0","0","0",NULL,NULL,"2015-05-09 04:22:05","2015-05-09 04:22:05"
"24","6","/img/new/3gGfJG01ML/g7aZsCtnfW","1","0","0","0",NULL,NULL,"2015-05-09 04:22:09","2015-05-09 04:22:09"
"25","6","/img/new/3gGfJG01ML/h4ko38UQLb","1","0","0","0",NULL,NULL,"2015-05-09 04:22:12","2015-05-09 04:22:12"
"26","6","/img/new/3gGfJG01ML/JDSh0An3s4","1","0","0","0",NULL,NULL,"2015-05-09 04:22:15","2015-05-09 04:22:15"
"27","6","/img/new/3gGfJG01ML/HAhVQsetgM","1","0","0","0",NULL,NULL,"2015-05-09 04:22:19","2015-05-09 04:22:19"
"28","6","/img/new/3gGfJG01ML/uAV8OAjDnk","1","0","0","0",NULL,NULL,"2015-05-09 04:22:22","2015-05-09 04:22:22"
"29","6","/img/new/3gGfJG01ML/oQWaBSHVXj","1","0","0","0",NULL,NULL,"2015-05-09 04:22:25","2015-05-09 04:22:25"
"30","6","/img/new/3gGfJG01ML/nWTgc5ojRH","1","0","0","0",NULL,NULL,"2015-05-09 04:22:28","2015-05-09 04:22:28"
"31","2","/img/new/8aYf21nR9m/qXacYkYDPy","1","0","0","0",NULL,NULL,"2015-05-09 04:24:27","2015-05-09 04:24:27"
"32","2","/img/new/8aYf21nR9m/nisICZQpo5","1","0","0","0",NULL,NULL,"2015-05-09 04:24:31","2015-05-09 04:24:31"
"33","2","/img/new/8aYf21nR9m/sKWqfiYmGb","1","0","0","0",NULL,NULL,"2015-05-09 04:24:35","2015-05-09 04:24:35"
"34","2","/img/new/8aYf21nR9m/HHKYQPULDz","1","0","0","0",NULL,NULL,"2015-05-09 04:24:38","2015-05-09 04:24:38"
"35","2","/img/new/8aYf21nR9m/89LgSeuL7C","1","0","0","0",NULL,NULL,"2015-05-09 04:24:42","2015-05-09 04:24:42"
"36","2","/img/new/8aYf21nR9m/vpkm22u6N1","1","0","0","0",NULL,NULL,"2015-05-09 04:24:45","2015-05-09 04:24:45"
"38","2","/img/new/8aYf21nR9m/9Rj82Ba8eU","1","0","0","0",NULL,NULL,"2015-05-09 04:24:52","2015-05-09 04:24:52"
"39","2","/img/new/8aYf21nR9m/gbu65m02Bg","1","0","0","0",NULL,NULL,"2015-05-09 04:24:55","2015-05-09 04:24:55"
"40","2","/img/new/8aYf21nR9m/u3gYcZ37Od","1","0","0","0",NULL,NULL,"2015-05-09 04:24:59","2015-05-09 04:24:59"
"41","8","/img/new/Rqi8laJJQo/qKzxmuakkp","1","0","0","0",NULL,NULL,"2015-05-09 04:26:22","2015-05-09 04:26:22"
"42","8","/img/new/Rqi8laJJQo/AO4smrfc0f","1","0","0","0",NULL,NULL,"2015-05-09 04:26:26","2015-05-09 04:26:26"
"43","8","/img/new/Rqi8laJJQo/6XZjQAidbq","1","0","0","0",NULL,NULL,"2015-05-09 04:26:29","2015-05-09 04:26:29"
"44","8","/img/new/Rqi8laJJQo/m4mjbs5Bet","1","0","0","0",NULL,NULL,"2015-05-09 04:26:32","2015-05-09 04:26:32"
"45","8","/img/new/Rqi8laJJQo/y8sIwflhbM","1","0","0","0",NULL,NULL,"2015-05-09 04:26:35","2015-05-09 04:26:35"
"46","9","/img/new/5Th5JAX9Gq/QLh5rf015k","1","0","0","0",NULL,NULL,"2015-05-09 04:26:56","2015-05-09 04:26:56"
"47","9","/img/new/5Th5JAX9Gq/CB9fc0Qpbv","1","0","0","0",NULL,NULL,"2015-05-09 04:27:00","2015-05-09 04:27:00"
"48","9","/img/new/5Th5JAX9Gq/0JyEkALy1O","1","0","0","0",NULL,NULL,"2015-05-09 04:27:04","2015-05-09 04:27:04"
"49","9","/img/new/5Th5JAX9Gq/MNQK4uZeBe","1","0","0","0",NULL,NULL,"2015-05-09 04:27:41","2015-05-09 04:27:41"
"50","10","/img/add/U5G48UftXe/aCS5CJOG3W","1","0","0","0",NULL,NULL,"2015-05-09 04:30:04","2015-05-09 04:30:04"
"51","10","/img/add/U5G48UftXe/WZkEuYJh6f","1","0","0","0",NULL,NULL,"2015-05-09 04:30:08","2015-05-09 04:30:08"
"52","10","/img/add/U5G48UftXe/8Gxb0XXAjI","1","0","0","0",NULL,NULL,"2015-05-09 04:30:11","2015-05-09 04:30:11"
"53","11","/img/ren/1hIxKS0zgq/8Qw3fMBx2J","1","0","0","0",NULL,NULL,"2015-05-09 04:38:18","2015-05-09 04:38:18"
"54","11","/img/ren/1hIxKS0zgq/6DwvL70cbP","1","0","0","0",NULL,NULL,"2015-05-09 04:38:22","2015-05-09 04:38:22"
"55","12","/img/ren/IlXIns3uox/F858ZoGRVy","1","0","0","0",NULL,NULL,"2015-05-09 04:38:43","2015-05-09 04:38:43"
"56","3","/img/ren/IlXIns3uox/GXZpNHSqTP","0","0","0","0",NULL,NULL,"2015-05-09 04:38:48","2015-05-10 20:03:58"
"57","12","/img/ren/IlXIns3uox/hrUVUNl6Zj","1","0","0","0",NULL,NULL,"2015-05-09 04:38:53","2015-05-09 04:38:53"
"62","14","/img/ren/FEflbPYu3g/Ibhc5N1Dbe","0","0","0","0",NULL,NULL,"2015-05-10 19:38:49","2015-05-10 19:42:49"
"1","Jon Paul","jonpaul.simonelli@gmail.com","$2y$10$Hu6qzr7v5K7SWqdiVZCSeuV7z/n.UmV3w3xcv.UKAH0M2nIPrFfQq","GSS0QxjdLsANdmUHjdOvV2rBo6EIdKIUehlxgYGQcWgdDCp81gBDhclWVVAK","2015-05-05 22:40:00","2015-05-09 04:31:17"
